,,,,,,,,,,,,,,,,,,
,Murder,Murder,Attempt To Commit Murder,Attempt To Commit Murder,C.H. Not Amounting To Murder,C.H. Not Amounting To Murder,Attempt to commit C.H. Not Amounting To Murder,Attempt to commit C.H. Not Amounting To Murder,Total Rape,Total Rape,Total Rape other than Custodial,Total Rape other than Custodial,Gang Rape,Gang Rape,Other Rape,Other Rape,Attempt to rape,Attempt to rape
,I,R,I,R,I,R,I,R,I,R,I,R,I,R,I,R,I,R
Agra,78,4.5,88,5,17,1,71,4.1,38,4.7,38,4.7,2,0.2,36,4.5,9,1.1
Ahmedabad,82,1.3,61,1,6,0.1,0,0,100,3.3,100,3.3,0,0,100,3.3,0,0
Allahabad,33,2.7,59,4.8,8,0.7,0,0,20,3.6,20,3.6,2,0.4,18,3.2,0,0
Amritsar,29,2.4,75,6.3,2,0.2,3,0.3,34,6.1,34,6.1,2,0.4,32,5.8,8,1.4
Asansol,48,3.9,164,13.2,10,0.8,0,0,16,2.7,16,2.7,0,0,16,2.7,20,3.4
Aurangabad,35,2.9,54,4.5,0,0,0,0,27,4.7,27,4.7,2,0.4,25,4.4,0,0
Bengaluru,241,2.8,489,5.8,21,0.2,0,0,104,2.6,104,2.6,8,0.2,96,2.4,4,0.1
Bhopal,52,2.8,96,5.1,2,0.1,3,0.2,178,19.8,178,19.8,24,2.7,154,17.1,0,0
Chandigarh City,21,2,30,2.9,6,0.6,4,0.4,51,11,51,11,0,0,51,11,5,1.1
Chennai,161,1.9,225,2.6,0,0,0,0,65,1.5,65,1.5,0,0,65,1.5,1,0
Coimbatore,21,1,43,2,1,0,0,0,5,0.5,5,0.5,0,0,5,0.5,0,0
Delhi (City),472,2.9,675,4.1,49,0.3,886,5.4,1813,23.9,1813,23.9,127,1.7,1686,22.3,59,0.8
Dhanbad,17,1.4,10,0.8,4,0.3,0,0,13,2.3,13,2.3,1,0.2,12,2.1,5,0.9
Durg-Bhilainagar,40,3.8,34,3.2,0,0,0,0,53,10.2,53,10.2,0,0,53,10.2,4,0.8
Faridabad,64,4.6,41,2.9,3,0.2,0,0,101,15.4,101,15.4,13,2,88,13.5,4,0.6
Ghaziabad,73,3.1,61,2.6,20,0.8,0,0,75,6.8,75,6.8,4,0.4,71,6.4,0,0
Gwalior,41,3.7,81,7.4,12,1.1,4,0.4,106,20.7,106,20.7,10,1.9,96,18.7,1,0.2
Flyderabad,118,1.5,163,2.1,6,0.1,0,0,126,3.3,126,3.3,1,0,125,3.3,2,0.1
Indore,88,4.1,183,8.4,0,0,3,0.1,185,17.8,185,17.8,11,1.1,174,16.8,3,0.3
Jabalpur,57,4.5,93,7.3,1,0.1,1,0.1,113,18.7,113,18.7,2,0.3,111,18.4,7,1.2
Jaipur,108,3.5,107,3.5,6,0.2,0,0,263,18.1,263,18.1,10,0.7,253,17.4,6,0.4
Jamshedpur,51,3.8,33,2.5,3,0.2,0,0,36,5.6,36,5.6,0,0,36,5.6,12,1.9
Jodhpur,41,3.6,86,7.6,5,0.4,5,0.4,68,12.6,68,12.6,1,0.2,67,12.5,2,0.4
Kannur,2,0.1,8,0.5,4,0.2,19,1.2,17,1.9,17,1.9,0,0,17,1.9,0,0
Kanpur,56,1.9,47,1.6,11,0.4,16,0.5,19,1.4,19,1.4,2,0.1,17,1.3,6,0.4
Kochi,13,0.6,29,1.4,2,0.1,2,0.1,64,6,64,6,0,0,64,6,2,0.2
Kolkata,74,0.5,101,0.7,26,0.2,0,0,36,0.5,36,0.5,6,0.1,30,0.4,1,0
Kollam,10,0.9,34,3.1,4,0.4,54,4.9,78,13.4,78,13.4,0,0,78,13.4,0,0
Kota,19,1.9,93,9.3,1,0.1,19,1.9,100,21.2,100,21.2,3,0.6,97,20.6,2,0.4
Kozhikode,8,0.4,13,0.6,2,0.1,34,1.7,35,3.3,35,3.3,0,0,35,3.3,2,0.2
Lucknow,107,3.7,67,2.3,17,0.6,17,0.6,52,3.8,52,3.8,2,0.1,50,3.6,2,0.1
Ludhiana,73,4.5,68,4.2,8,0.5,0,0,111,15,111,15,2,0.3,109,14.7,21,2.8
Madurai,33,2.3,51,3.5,1,0.1,0,0,6,0.8,6,0.8,0,0,6,0.8,0,0
Malappuram,3,0.2,11,0.6,2,0.1,1,0.1,10,1.1,10,1.1,0,0,10,1.1,0,0
Meerut,93,6.5,129,9.1,11,0.8,12,0.8,40,6,40,6,15,2.2,25,3.7,2,0.3
Mumbai,183,1,181,1,4,0,1,0,607,7.1,607,7.1,16,0.2,591,6.9,2,0
Nagpur,103,4.1,92,3.7,5,0.2,0,0,113,9.2,113,9.2,4,0.3,109,8.9,2,0.2
Nasik,26,1.7,30,1.9,0,0,0,0,28,3.8,28,3.8,2,0.3,26,3.5,0,0
Patna,205,10,16,0.8,2,0.1,0,0,54,5.6,54,5.6,1,0.1,53,5.5,21,2.2
Pune,138,2.7,181,3.6,9,0.2,0,0,189,7.9,189,7.9,3,0.1,186,7.8,0,0
Raipur,29,2.6,71,6.3,2,0.2,0,0,88,16.2,88,16.2,4,0.7,84,15.4,4,0.7
Rajkot,43,3.1,43,3.1,2,0.1,0,0,17,2.6,17,2.6,1,0.2,16,2.4,0,0
Ranchi,61,5.4,75,6.7,0,0,0,0,46,8.5,46,8.5,5,0.9,41,7.6,10,1.9
Srinagar,5,0.4,34,2.7,4,0.3,0,0,12,2,12,2,0,0,12,2,5,0.8
Surat,85,1.9,41,0.9,8,0.2,0,0,94,4.8,94,4.8,4,0.2,90,4.6,0,0
Thiruvananthapuram,13,0.8,23,1.4,2,0.1,131,7.8,56,6.4,56,6.4,1,0.1,55,6.3,2,0.2
Thrissur,17,0.9,17,0.9,2,0.1,31,1.7,38,3.9,38,3.9,0,0,38,3.9,0,0
Tiruch irapalli,24,2.3,9,0.9,0,0,0,0,3,0.6,3,0.6,0,0,3,0.6,0,0
Vadodara,23,1.3,37,2,0,0,3,0.2,23,2.6,23,2.6,0,0,23,2.6,0,0
Varanasi,24,1.7,32,2.2,12,0.8,0,0,27,4,27,4,0,0,27,4,0,0
Vasai Virar,36,2.9,17,1.4,6,0.5,0,0,60,10.5,60,10.5,1,0.2,59,10.3,0,0
Vijayawada,23,1.5,45,3,1,0.1,1,0.1,64,8.6,64,8.6,0,0,64,8.6,4,0.5
Vishakhapatnam,38,2.2,57,3.3,0,0,0,0,84,9.8,84,9.8,0,0,84,9.8,0,0
,,,,,,,,,,,,,,,,,,
,Kidnapping & Abduction (Total),Kidnapping & Abduction (Total),Kidnapping & Abduction (Sec. 363 IPC),Kidnapping & Abduction (Sec. 363 IPC),Kidnapping & Abduction in order to Murder (Section 364 IPC),Kidnapping & Abduction in order to Murder (Section 364 IPC),Kidnapping for Ransom (Section 364-A IPC),Kidnapping for Ransom (Section 364-A IPC),K & A of Women To Compel Her For Marriage*,K & A of Women To Compel Her For Marriage*,,,,,,,,
,I,R,I,R,I,R,I,R,I,R,,,,,,,,
Agra,333,19.1,197,11.3,83,4.8,7,0.4,46,5.7,,,,,,,,
Ahmedabad,367,5.8,102,1.6,0,0,8,0.1,201,6.7,,,,,,,,
Allahabad,103,8.5,9,0.7,0,0,0,0,52,9.3,,,,,,,,
Amritsar,78,6.6,3,0.3,3,0.3,0,0,47,8.5,,,,,,,,
Asansol,104,8.4,24,1.9,3,0.2,3,0.2,23,3.9,,,,,,,,
Aurangabad,63,5.3,32,2.7,0,0,0,0,16,2.8,,,,,,,,
Bengaluru,708,8.3,607,7.1,1,0,29,0.3,11,0.3,,,,,,,,
Bhopal,290,15.4,0,0,0,0,0,0,224,24.9,,,,,,,,
Chandigarh City,167,16.3,101,9.8,0,0,1,0.1,39,8.4,,,,,,,,
Chennai,36,0.4,12,0.1,1,0,2,0,16,0.4,,,,,,,,
Coimbatore,14,0.7,4,0.2,0,0,0,0,3,0.3,,,,,,,,
Delhi (City),6016,36.9,5596,34.3,0,0,35,0.2,1,0,,,,,,,,
Dhanbad,39,3.3,0,0,0,0,0,0,33,5.9,,,,,,,,
Durg-Bhilainagar,222,20.9,115,10.8,0,0,0,0,24,4.6,,,,,,,,
Faridabad,384,27.3,3,0.2,0,0,0,0,190,29.1,,,,,,,,
Ghaziabad,276,11.7,80,3.4,54,2.3,1,0,141,12.8,,,,,,,,
Gwalior,189,17.2,68,6.2,1,0.1,2,0.2,30,5.8,,,,,,,,
Flyderabad,374,4.8,235,3,0,0,1,0,6,0.2,,,,,,,,
Indore,439,20.3,370,17.1,1,0,3,0.1,46,4.4,,,,,,,,
Jabalpur,359,28.3,107,8.4,0,0,2,0.2,93,15.4,,,,,,,,
Jaipur,653,21.2,238,7.7,0,0,1,0,97,6.7,,,,,,,,
Jamshedpur,64,4.8,8,0.6,2,0.1,2,0.1,49,7.7,,,,,,,,
Jodhpur,108,9.5,14,1.2,0,0,0,0,34,6.3,,,,,,,,
Kannur,5,0.3,0,0,0,0,0,0,3,0.3,,,,,,,,
Kanpur,233,8,0,0,0,0,3,0.1,59,4.4,,,,,,,,
Kochi,4,0.2,0,0,0,0,0,0,1,0.1,,,,,,,,
Kolkata,341,2.4,110,0.8,2,0,19,0.1,109,1.6,,,,,,,,
Kollam,13,1.2,0,0,0,0,0,0,8,1.4,,,,,,,,
Kota,187,18.7,35,3.5,0,0,1,0.1,102,21.6,,,,,,,,
Kozhikode,2,0.1,1,0,0,0,0,0,0,0,,,,,,,,
Lucknow,348,12,279,9.6,0,0,1,0,67,4.8,,,,,,,,
Ludhiana,246,15.2,0,0,0,0,0,0,113,15.3,,,,,,,,
Madurai,27,1.8,4,0.3,0,0,0,0,13,1.8,,,,,,,,
Malappuram,3,0.2,0,0,0,0,0,0,1,0.1,,,,,,,,
Meerut,233,16.4,0,0,0,0,0,0,151,22.5,,,,,,,,
Mumbai,541,2.9,451,2.4,1,0,3,0,15,0.2,,,,,,,,
Nagpur,145,5.8,97,3.9,0,0,0,0,46,3.8,,,,,,,,
Nasik,59,3.8,50,3.2,3,0.2,1,0.1,3,0.4,,,,,,,,
Patna,599,29.3,0,0,13,0.6,11,0.5,359,37.4,,,,,,,,
Pune,228,4.5,106,2.1,0,0,0,0,47,2,,,,,,,,
Raipur,171,15.2,145,12.9,1,0.1,0,0,21,3.9,,,,,,,,
Rajkot,99,7.1,27,1.9,0,0,4,0.3,52,7.9,,,,,,,,
Ranchi,107,9.5,0,0,0,0,6,0.5,88,16.3,,,,,,,,
Srinagar,71,5.6,37,2.9,3,0.2,0,0,0,0,,,,,,,,
Surat,263,5.7,123,2.7,0,0,5,0.1,101,5.1,,,,,,,,
Thiruvananthapuram,14,0.8,10,0.6,0,0,0,0,3,0.3,,,,,,,,
Thrissur,8,0.4,0,0,0,0,0,0,0,0,,,,,,,,
Tiruch irapalli,7,0.7,3,0.3,0,0,0,0,0,0,,,,,,,,
Vadodara,93,5.1,22,1.2,0,0,1,0.1,56,6.4,,,,,,,,
Varanasi,97,6.8,0,0,0,0,0,0,87,12.9,,,,,,,,
Vasai Virar,85,7,27,2.2,0,0,1,0.1,1,0.2,,,,,,,,
Vijayawada,42,2.8,13,0.9,1,0.1,1,0.1,11,1.5,,,,,,,,
Vishakhapatnam,130,7.5,130,7.5,0,0,0,0,0,0,,,,,,,,
,,,,,,,,,,,,,,,,,,
,Total Dacoity,Total Dacoity,Dacoity with Murder (Section 396 IPC),Dacoity with Murder (Section 396 IPC),Others,Others,Making Preparation and Assembly for Committing Dacoity,,,,,,,,,,,
,I,R,I,R,I,R,I,R,,,,,,,,,,
Agra,0,0,7,0.4,1,0.1,6,0.3,,,,,,,,,,
Ahmedabad,56,0.9,18,0.3,0,0,18,0.3,,,,,,,,,,
Allahabad,42,3.5,2,0.2,0,0,2,0.2,,,,,,,,,,
Amritsar,25,2.1,1,0.1,0,0,1,0.1,,,,,,,,,,
Asansol,51,4.1,5,0.4,0,0,5,0.4,,,,,,,,,,
Aurangabad,15,1.3,25,2.1,0,0,25,2.1,,,,,,,,,,
Bengaluru,60,0.7,51,0.6,0,0,51,0.6,,,,,,,,,,
Bhopal,66,3.5,8,0.4,0,0,8,0.4,,,,,,,,,,
Chandigarh City,26,2.5,4,0.4,0,0,4,0.4,,,,,,,,,,
Chennai,5,0.1,8,0.1,0,0,8,0.1,,,,,,,,,,
Coimbatore,7,0.3,5,0.2,0,0,5,0.2,,,,,,,,,,
Delhi (City),384,2.4,65,0.4,1,0,64,0.4,,,,,,,,,,
Dhanbad,6,0.5,7,0.6,0,0,7,0.6,,,,,,,,,,
Durg-Bhilainagar,83,7.8,2,0.2,0,0,2,0.2,,,,,,,,,,
Faridabad,191,13.6,7,0.5,0,0,7,0.5,,,,,,,,,,
Ghaziabad,0,0,6,0.3,0,0,6,0.3,,,,,,,,,,
Gwalior,88,8,5,0.5,0,0,5,0.5,,,,,,,,,,
Flyderabad,132,1.7,9,0.1,0,0,9,0.1,,,,,,,,,,
Indore,19,0.9,1,0,0,0,1,0,,,,,,,,,,
Jabalpur,157,12.4,0,0,0,0,0,0,,,,,,,,,,
Jaipur,317,10.3,3,0.1,0,0,3,0.1,,,,,,,,,,
Jamshedpur,3,0.2,5,0.4,0,0,5,0.4,,,,,,,,,,
Jodhpur,60,5.3,0,0,0,0,0,0,,,,,,,,,,
Kannur,2,0.1,0,0,0,0,0,0,,,,,,,,,,
Kanpur,171,5.9,3,0.1,0,0,3,0.1,,,,,,,,,,
Kochi,3,0.1,2,0.1,0,0,2,0.1,,,,,,,,,,
Kolkata,101,0.7,3,0,0,0,3,0,,,,,,,,,,
Kollam,5,0.5,2,0.2,0,0,2,0.2,,,,,,,,,,
Kota,49,4.9,1,0.1,1,0.1,0,0,,,,,,,,,,
Kozhikode,1,0,0,0,0,0,0,0,,,,,,,,,,
Lucknow,1,0,1,0,0,0,1,0,,,,,,,,,,
Ludhiana,133,8.2,2,0.1,0,0,2,0.1,,,,,,,,,,
Madurai,10,0.7,4,0.3,0,0,4,0.3,,,,,,,,,,
Malappuram,2,0.1,0,0,0,0,0,0,,,,,,,,,,
Meerut,82,5.8,8,0.6,0,0,8,0.6,,,,,,,,,,
Mumbai,71,0.4,34,0.2,0,0,34,0.2,,,,,,,,,,
Nagpur,2,0.1,16,0.6,1,0,15,0.6,,,,,,,,,,
Nasik,2,0.1,13,0.8,0,0,13,0.8,,,,,,,,,,
Patna,216,10.6,28,1.4,0,0,28,1.4,,,,,,,,,,
Pune,75,1.5,92,1.8,2,0,90,1.8,,,,,,,,,,
Raipur,4,0.4,2,0.2,0,0,2,0.2,,,,,,,,,,
Rajkot,16,1.2,7,0.5,0,0,7,0.5,,,,,,,,,,
Ranchi,13,1.2,5,0.4,0,0,5,0.4,,,,,,,,,,
Srinagar,31,2.4,1,0.1,0,0,1,0.1,,,,,,,,,,
Surat,34,0.7,14,0.3,0,0,14,0.3,,,,,,,,,,
Thiruvananthapuram,1,0.1,1,0.1,0,0,1,0.1,,,,,,,,,,
Thrissur,8,0.4,5,0.3,0,0,5,0.3,,,,,,,,,,
Tiruchirapalli,4,0.4,0,0,0,0,0,0,,,,,,,,,,
Vadodara,14,0.8,10,0.6,0,0,10,0.6,,,,,,,,,,
Varanasi,10,0.7,0,0,0,0,0,0,,,,,,,,,,
Vasai Virar,56,4.6,12,1,0,0,12,1,,,,,,,,,,
Vijayawada,16,1.1,3,0.2,1,0.1,2,0.1,,,,,,,,,,
Vishakhapatnam,0,0,4,0.2,0,0,4,0.2,,,,,,,,,,
,,,,,,,,,,,,,,,,,,
,Robbery,Robbery,Criminal Trespass/Burglary Total,Criminal Trespass/Burglary Total,Criminal Trespass/Burglary (Section 457 & 458 IPC),Criminal Trespass/Burglary (Section 457 & 458 IPC),House Trespass & House Breaking (Section 459 & 460 IPC),,,,,,,,,,,
,I,R,I,R,I,R,I,R,,,,,,,,,,
Agra,149,8.5,236,13.5,42,2.4,194,11.1,,,,,,,,,,
Ahmedabad,261,4.1,BOO,7.9,235,3.7,265,4.2,,,,,,,,,,
Allahabad,83,6.8,190,15.6,190,15.6,0,0,,,,,,,,,,
Amritsar,13,1.1,127,10.7,122,10.3,5,0.4,,,,,,,,,,
Asansol,12,1,10,0.8,10,0.8,0,0,,,,,,,,,,
Aurangabad,204,17.2,267,22.5,210,17.7,57,4.8,,,,,,,,,,
Bengaluru,1067,12.6,1542,18.1,1115,13.1,427,5,,,,,,,,,,
Bhopal,99,5.3,841,44.7,0,0,841,44.7,,,,,,,,,,
Chandigarh City,61,5.9,127,12.4,81,7.9,46,4.5,,,,,,,,,,
Chennai,72,0.8,368,4.2,275,3.2,93,1.1,,,,,,,,,,
Coimbatore,123,5.7,166,7.7,134,6.2,32,1.5,,,,,,,,,,
Delhi (City),5847,35.8,8839,54.2,5663,34.7,3176,19.5,,,,,,,,,,
Dhanbad,8,0.7,68,5.7,0,0,68,5.7,,,,,,,,,,
Durg-Bhilainagar,52,4.9,318,29.9,0,0,318,29.9,,,,,,,,,,
Faridabad,40,2.8,412,29.3,319,22.7,93,6.6,,,,,,,,,,
Ghaziabad,72,3.1,122,5.2,122,5.2,0,0,,,,,,,,,,
Gwalior,74,6.7,536,48.6,480,43.6,56,5.1,,,,,,,,,,
Flyderabad,58,0.7,754,9.7,613,7.9,141,1.8,,,,,,,,,,
Indore,283,13.1,1388,64.1,1388,64.1,0,0,,,,,,,,,,
Jabalpur,107,8.4,374,29.5,313,24.7,61,4.8,,,,,,,,,,
Jaipur,356,11.6,1229,40,1037,33.7,192,6.2,,,,,,,,,,
Jamshedpur,30,2.2,IBB,11.6,142,10.6,13,1,,,,,,,,,,
Jodhpur,120,10.5,297,26.1,131,11.5,166,14.6,,,,,,,,,,
Kannur,42,2.6,67,4.1,44,2.7,23,1.4,,,,,,,,,,
Kanpur,96,3.3,162,5.5,162,5.5,0,0,,,,,,,,,,
Kochi,17,0.8,157,7.4,124,5.9,33,1.6,,,,,,,,,,
Kolkata,33,0.2,62,0.4,44,0.3,18,0.1,,,,,,,,,,
Kollam,63,5.7,95,8.6,9,0.8,86,7.7,,,,,,,,,,
Kota,27,2.7,135,13.5,31,3.1,104,10.4,,,,,,,,,,
Kozhikode,52,2.6,183,9,136,6.7,47,2.3,,,,,,,,,,
Lucknow,72,2.5,568,19.6,345,11.9,223,7.7,,,,,,,,,,
Ludhiana,23,1.4,259,16,7,0.4,252,15.6,,,,,,,,,,
Madurai,118,8.1,123,8.4,114,7.8,9,0.6,,,,,,,,,,
Malappuram,13,0.8,46,2.7,43,2.5,3,0.2,,,,,,,,,,
Meerut,166,11.6,192,13.5,4,0.3,188,13.2,,,,,,,,,,
Mumbai,2094,11.4,3055,16.6,2531,13.7,524,2.8,,,,,,,,,,
Nagpur,BOB,20.2,1074,43,828,33.1,246,9.8,,,,,,,,,,
Nasik,124,7.9,299,19.1,254,16.3,45,2.9,,,,,,,,,,
Patna,149,7.3,568,27.7,568,27.7,0,0,,,,,,,,,,
Pune,873,17.3,1362,27,953,18.9,409,8.1,,,,,,,,,,
Raipur,61,5.4,367,32.7,336,29.9,31,2.8,,,,,,,,,,
Rajkot,91,6.5,176,12.7,38,2.7,138,9.9,,,,,,,,,,
Ranchi,61,5.4,204,18.1,12,1.1,192,17,,,,,,,,,,
Srinagar,36,2.8,238,18.7,0,0,238,18.7,,,,,,,,,,
Surat,30,0.7,257,5.6,182,4,75,1.6,,,,,,,,,,
Thiruvananthapuram,59,3.5,147,8.7,115,6.8,32,1.9,,,,,,,,,,
Thrissur,34,1.8,83,4.5,62,3.3,21,1.1,,,,,,,,,,
Tiruch irapalli,24,2.3,41,4,0,0,41,4,,,,,,,,,,
Vadodara,117,6.4,502,27.6,0,0,502,27.6,,,,,,,,,,
Varanasi,32,2.2,81,5.6,0,0,81,5.6,,,,,,,,,,
Vasai Virar,178,14.6,468,38.3,351,28.7,117,9.6,,,,,,,,,,
Vijayawada,48,3.2,345,23.1,106,7.1,239,16,,,,,,,,,,
Vishakhapatnam,46,2.7,392,22.7,334,19.3,58,3.4,,,,,,,,,,
,,,,,,,,,,,,,,,,,,
,Total Theft,Total Theft,Auto Theft,Auto Theft,Other Theft,Other Theft,Unlawful Assembly,Unlawful Assembly,,,,,,,,,,
,I,R,I,R,I,R,I,R,,,,,,,,,,
Agra,3047,174.5,2466,141.2,581,33.3,0,0,,,,,,,,,,
Ahmedabad,2589,40.8,1693,26.7,896,14.1,18,0.3,,,,,,,,,,
Allahabad,1647,135.3,1325,108.9,322,26.5,0,0,,,,,,,,,,
Amritsar,324,27.4,93,7.9,231,19.5,0,0,,,,,,,,,,
Asansol,607,48.8,278,22.4,329,26.5,0,0,,,,,,,,,,
Aurangabad,1419,119.3,706,59.4,713,60,36,3,,,,,,,,,,
Bengaluru,11455,134.8,5075,59.7,6380,75.1,0,0,,,,,,,,,,
Bhopal,2706,143.7,1765,93.7,941,50,0,0,,,,,,,,,,
Chandigarh City,1217,118.6,791,77.1,426,41.5,0,0,,,,,,,,,,
Chennai,1520,17.5,252,2.9,1268,14.6,124,1.4,,,,,,,,,,
Coimbatore,353,16.4,113,5.3,240,11.2,56,2.6,,,,,,,,,,
Delhi (City),71937,440.9,21321,130.7,50616,310.2,0,0,,,,,,,,,,
Dhanbad,341,28.5,188,15.7,153,12.8,0,0,,,,,,,,,,
Durg-Bhilainagar,751,70.6,365,34.3,386,36.3,0,0,,,,,,,,,,
Faridabad,2079,148,1736,123.6,343,24.4,0,0,,,,,,,,,,
Ghaziabad,2539,107.6,1998,84.7,541,22.9,1,0,,,,,,,,,,
Gwalior,1622,147.2,1226,111.3,396,35.9,0,0,,,,,,,,,,
Flyderabad,4266,55.1,1396,18,2870,37,4,0.1,,,,,,,,,,
Indore,5914,272.9,4410,203.5,1504,69.4,6,0.3,,,,,,,,,,
Jabalpur,713,56.2,496,39.1,217,17.1,0,0,,,,,,,,,,
Jaipur,7071,230.1,5113,166.4,1958,63.7,347,11.3,,,,,,,,,,
Jamshedpur,808,60.4,412,30.8,396,29.6,2,0.1,,,,,,,,,,
Jodhpur,993,87.3,653,57.4,340,29.9,0,0,,,,,,,,,,
Kannur,47,2.9,23,1.4,24,1.5,0,0,,,,,,,,,,
Kanpur,1101,37.7,854,29.2,247,8.5,0,0,,,,,,,,,,
Kochi,331,15.6,108,5.1,223,10.5,140,6.6,,,,,,,,,,
Kolkata,4579,32.4,740,5.2,3839,27.2,113,0.8,,,,,,,,,,
Kollam,143,12.9,65,5.9,78,7,0,0,,,,,,,,,,
Kota,890,88.9,615,61.4,275,27.5,48,4.8,,,,,,,,,,
Kozhikode,282,13.9,165,8.1,117,5.8,0,0,,,,,,,,,,
Lucknow,2937,101.2,2037,70.2,900,31,16,0.6,,,,,,,,,,
Ludhiana,603,37.4,209,12.9,394,24.4,0,0,,,,,,,,,,
Madurai,576,39.4,389,26.6,187,12.8,0,0,,,,,,,,,,
Malappuram,72,4.2,31,1.8,41,2.4,0,0,,,,,,,,,,
Meerut,2715,190.5,2150,150.9,565,39.6,0,0,,,,,,,,,,
Mumbai,10101,54.9,3598,19.5,6503,35.3,6,0,,,,,,,,,,
Nagpur,2962,118.6,1604,64.2,1358,54.4,36,1.4,,,,,,,,,,
Nasik,1053,67.4,685,43.8,368,23.5,2,0.1,,,,,,,,,,
Patna,3653,178.5,2058,100.5,1595,77.9,0,0,,,,,,,,,,
Pune,4867,96.4,2782,55.1,2085,41.3,10,0.2,,,,,,,,,,
Raipur,1340,119.3,761,67.8,579,51.6,0,0,,,,,,,,,,
Rajkot,835,60,671,48.2,164,11.8,14,1,,,,,,,,,,
Ranchi,1834,162.7,1149,102,685,60.8,0,0,,,,,,,,,,
Srinagar,375,29.5,240,18.9,135,10.6,0,0,,,,,,,,,,
Surat,1315,28.7,886,19.3,429,9.4,5,0.1,,,,,,,,,,
Thiruvananthapuram,325,19.3,88,5.2,237,14,2,0.1,,,,,,,,,,
Thrissur,165,8.9,57,3.1,108,5.8,84,4.5,,,,,,,,,,
Tiruch irapalli,307,30,66,6.5,241,23.6,0,0,,,,,,,,,,
Vadodara,1242,68.4,820,45.1,422,23.2,17,0.9,,,,,,,,,,
Varanasi,596,41.5,420,29.3,176,12.3,2,0.1,,,,,,,,,,
Vasai Virar,790,64.7,375,30.7,415,34,2,0.2,,,,,,,,,,
Vijayawada,2016,135.2,685,45.9,1331,89.3,25,1.7,,,,,,,,,,
Vishakhapatnam,1358,78.5,401,23.2,957,55.3,0,0,,,,,,,,,,
,,,,,,,,,,,,,,,,,,
,Riots (Total),,Communal,,Industrial,,Political,,,,,,,,,,,
,I,R,I,R,I,R,I,R,,,,,,,,,,
Agra,242,13.9,0,0,0,0,0,0,,,,,,,,,,
Ahmedabad,87,1.4,18,0.3,2,0,2,0,,,,,,,,,,
Allahabad,23,1.9,0,0,0,0,0,0,,,,,,,,,,
Amritsar,0,0,0,0,0,0,0,0,,,,,,,,,,
Asansol,181,14.6,0,0,0,0,0,0,,,,,,,,,,
Aurangabad,134,11.3,0,0,0,0,0,0,,,,,,,,,,
Bengaluru,388,4.6,0,0,0,0,3,0,,,,,,,,,,
Bhopal,41,2.2,0,0,0,0,0,0,,,,,,,,,,
Chandigarh City,31,3,0,0,0,0,0,0,,,,,,,,,,
Chennai,118,1.4,0,0,0,0,0,0,,,,,,,,,,
Coimbatore,25,1.2,0,0,0,0,0,0,,,,,,,,,,
Delhi (City),144,0.9,1,0,0,0,5,0,,,,,,,,,,
Dhanbad,57,4.8,0,0,0,0,0,0,,,,,,,,,,
Durg-Bhilainagar,34,3.2,0,0,0,0,0,0,,,,,,,,,,
Faridabad,207,14.7,207,14.7,0,0,0,0,,,,,,,,,,
Ghaziabad,37,1.6,0,0,0,0,0,0,,,,,,,,,,
Gwalior,68,6.2,0,0,0,0,0,0,,,,,,,,,,
Flyderabad,57,0.7,4,0.1,0,0,0,0,,,,,,,,,,
Indore,50,2.3,2,0.1,0,0,1,0,,,,,,,,,,
Jabalpur,43,3.4,0,0,0,0,6,0.5,,,,,,,,,,
Jaipur,75,2.4,1,0,0,0,0,0,,,,,,,,,,
Jamshedpur,82,6.1,0,0,0,0,0,0,,,,,,,,,,
Jodhpur,3,0.3,0,0,0,0,0,0,,,,,,,,,,
Kannur,227,13.8,0,0,0,0,57,3.5,,,,,,,,,,
Kanpur,97,3.3,0,0,0,0,0,0,,,,,,,,,,
Kochi,57,2.7,0,0,0,0,0,0,,,,,,,,,,
Kolkata,315,2.2,0,0,0,0,0,0,,,,,,,,,,
Kollam,301,27.1,0,0,0,0,23,2.1,,,,,,,,,,
Kota,0,0,0,0,0,0,0,0,,,,,,,,,,
Kozhikode,220,10.8,0,0,0,0,17,0.8,,,,,,,,,,
Lucknow,73,2.5,8,0.3,0,0,0,0,,,,,,,,,,
Ludhiana,0,0,0,0,0,0,0,0,,,,,,,,,,
Madurai,23,1.6,0,0,0,0,0,0,,,,,,,,,,
Malappuram,154,9.1,0,0,0,0,0,0,,,,,,,,,,
Meerut,161,11.3,8,0.6,0,0,0,0,,,,,,,,,,
Mumbai,409,2.2,0,0,0,0,7,0,,,,,,,,,,
Nagpur,147,5.9,0,0,0,0,0,0,,,,,,,,,,
Nasik,64,4.1,0,0,0,0,1,0.1,,,,,,,,,,
Patna,470,23,0,0,0,0,0,0,,,,,,,,,,
Pune,259,5.1,8,0.2,0,0,13,0.3,,,,,,,,,,
Raipur,45,4,0,0,0,0,2,0.2,,,,,,,,,,
Rajkot,61,4.4,0,0,0,0,0,0,,,,,,,,,,
Ranchi,51,4.5,0,0,0,0,4,0.4,,,,,,,,,,
Srinagar,130,10.2,0,0,0,0,0,0,,,,,,,,,,
Surat,40,0.9,1,0,0,0,0,0,,,,,,,,,,
Thiruvananthapuram,226,13.4,0,0,0,0,0,0,,,,,,,,,,
Thrissur,98,5.3,0,0,0,0,4,0.2,,,,,,,,,,
Tiruch irapalli,10,1,0,0,0,0,0,0,,,,,,,,,,
Vadodara,60,3.3,19,1,0,0,0,0,,,,,,,,,,
Varanasi,34,2.4,0,0,0,0,0,0,,,,,,,,,,
Vasai Virar,99,8.1,0,0,0,0,2,0.2,,,,,,,,,,
Vijayawada,2,0.1,0,0,0,0,0,0,,,,,,,,,,
Vishakhapatnam,3,0.2,0,0,0,0,3,0.2,,,,,,,,,,
,,,,,,,,,,,,,,,,,,
,Total Riots (Caste conflict),,SCs/STs VS Non-SCs/STs,,Other Caste conflict,,,,,,,,,,,,,
,I,R,I,R,I,R,,,,,,,,,,,,
Agra,0,0,0,0,0,0,,,,,,,,,,,,
Ahmedabad,6,0.1,1,0,5,0.1,,,,,,,,,,,,
Allahabad,0,0,0,0,0,0,,,,,,,,,,,,
Amritsar,0,0,0,0,0,0,,,,,,,,,,,,
Asansol,0,0,0,0,0,0,,,,,,,,,,,,
Aurangabad,0,0,0,0,0,0,,,,,,,,,,,,
Bengaluru,9,0.1,0,0,9,0.1,,,,,,,,,,,,
Bhopal,0,0,0,0,0,0,,,,,,,,,,,,
Chandigarh City,0,0,0,0,0,0,,,,,,,,,,,,
Chennai,0,0,0,0,0,0,,,,,,,,,,,,
Coimbatore,0,0,0,0,0,0,,,,,,,,,,,,
Delhi (City),16,0.1,0,0,16,0.1,,,,,,,,,,,,
Dhanbad,0,0,0,0,0,0,,,,,,,,,,,,
Durg-Bhilainagar,0,0,0,0,0,0,,,,,,,,,,,,
Faridabad,0,0,0,0,0,0,,,,,,,,,,,,
Ghaziabad,0,0,0,0,0,0,,,,,,,,,,,,
Gwalior,0,0,0,0,0,0,,,,,,,,,,,,
Flyderabad,11,0.1,2,0,9,0.1,,,,,,,,,,,,
Indore,0,0,0,0,0,0,,,,,,,,,,,,
Jabalpur,0,0,0,0,0,0,,,,,,,,,,,,
Jaipur,0,0,0,0,0,0,,,,,,,,,,,,
Jamshedpur,0,0,0,0,0,0,,,,,,,,,,,,
Jodhpur,0,0,0,0,0,0,,,,,,,,,,,,
Kannur,0,0,0,0,0,0,,,,,,,,,,,,
Kanpur,0,0,0,0,0,0,,,,,,,,,,,,
Kochi,0,0,0,0,0,0,,,,,,,,,,,,
Kolkata,0,0,0,0,0,0,,,,,,,,,,,,
Kollam,0,0,0,0,0,0,,,,,,,,,,,,
Kota,0,0,0,0,0,0,,,,,,,,,,,,
Kozhikode,0,0,0,0,0,0,,,,,,,,,,,,
Lucknow,0,0,0,0,0,0,,,,,,,,,,,,
Ludhiana,0,0,0,0,0,0,,,,,,,,,,,,
Madurai,0,0,0,0,0,0,,,,,,,,,,,,
Malappuram,0,0,0,0,0,0,,,,,,,,,,,,
Meerut,0,0,0,0,0,0,,,,,,,,,,,,
Mumbai,2,0,2,0,0,0,,,,,,,,,,,,
Nagpur,0,0,0,0,0,0,,,,,,,,,,,,
Nasik,0,0,0,0,0,0,,,,,,,,,,,,
Patna,0,0,0,0,0,0,,,,,,,,,,,,
Pune,0,0,0,0,0,0,,,,,,,,,,,,
Raipur,0,0,0,0,0,0,,,,,,,,,,,,
Rajkot,0,0,0,0,0,0,,,,,,,,,,,,
Ranchi,0,0,0,0,0,0,,,,,,,,,,,,
Srinagar,0,0,0,0,0,0,,,,,,,,,,,,
Surat,7,0.2,0,0,7,0.2,,,,,,,,,,,,
Thiruvananthapuram,0,0,0,0,0,0,,,,,,,,,,,,
Thrissur,0,0,0,0,0,0,,,,,,,,,,,,
Tiruch irapalli,0,0,0,0,0,0,,,,,,,,,,,,
Vadodara,0,0,0,0,0,0,,,,,,,,,,,,
Varanasi,0,0,0,0,0,0,,,,,,,,,,,,
Vasai Virar,0,0,0,0,0,0,,,,,,,,,,,,
Vijayawada,0,0,0,0,0,0,,,,,,,,,,,,
Vishakhapatnam,0,0,0,0,0,0,,,,,,,,,,,,
,,,,,,,,,,,,,,,,,,
,Agrarian,,Students,,Sectarian,,,,,,,,,,,,,
,I,R,I,R,I,R,,,,,,,,,,,,
Agra,0,0,0,0,0,0,,,,,,,,,,,,
Ahmedabad,0,0,0,0,0,0,,,,,,,,,,,,
Allahabad,0,0,2,0.2,0,0,,,,,,,,,,,,
Amritsar,0,0,0,0,0,0,,,,,,,,,,,,
Asansol,0,0,0,0,0,0,,,,,,,,,,,,
Aurangabad,0,0,0,0,0,0,,,,,,,,,,,,
Bengaluru,0,0,3,0,0,0,,,,,,,,,,,,
Bhopal,0,0,0,0,0,0,,,,,,,,,,,,
Chandigarh City,0,0,6,0.6,0,0,,,,,,,,,,,,
Chennai,0,0,0,0,0,0,,,,,,,,,,,,
Coimbatore,0,0,0,0,0,0,,,,,,,,,,,,
Delhi (City),0,0,3,0,0,0,,,,,,,,,,,,
Dhanbad,0,0,0,0,0,0,,,,,,,,,,,,
Durg-Bhilainagar,0,0,0,0,0,0,,,,,,,,,,,,
Faridabad,0,0,0,0,0,0,,,,,,,,,,,,
Ghaziabad,0,0,0,0,0,0,,,,,,,,,,,,
Gwalior,0,0,0,0,0,0,,,,,,,,,,,,
Flyderabad,0,0,13,0.2,0,0,,,,,,,,,,,,
Indore,0,0,0,0,0,0,,,,,,,,,,,,
Jabalpur,0,0,0,0,0,0,,,,,,,,,,,,
Jaipur,6,0.2,2,0.1,0,0,,,,,,,,,,,,
Jamshedpur,0,0,0,0,0,0,,,,,,,,,,,,
Jodhpur,0,0,0,0,0,0,,,,,,,,,,,,
Kannur,0,0,7,0.4,0,0,,,,,,,,,,,,
Kanpur,0,0,0,0,0,0,,,,,,,,,,,,
Kochi,0,0,0,0,0,0,,,,,,,,,,,,
Kolkata,0,0,0,0,0,0,,,,,,,,,,,,
Kollam,0,0,2,0.2,0,0,,,,,,,,,,,,
Kota,0,0,0,0,0,0,,,,,,,,,,,,
Kozhikode,0,0,14,0.7,0,0,,,,,,,,,,,,
Lucknow,0,0,0,0,0,0,,,,,,,,,,,,
Ludhiana,0,0,0,0,0,0,,,,,,,,,,,,
Madurai,0,0,0,0,0,0,,,,,,,,,,,,
Malappuram,0,0,0,0,0,0,,,,,,,,,,,,
Meerut,0,0,0,0,0,0,,,,,,,,,,,,
Mumbai,0,0,0,0,0,0,,,,,,,,,,,,
Nagpur,0,0,0,0,0,0,,,,,,,,,,,,
Nasik,0,0,0,0,0,0,,,,,,,,,,,,
Patna,0,0,0,0,0,0,,,,,,,,,,,,
Pune,0,0,0,0,0,0,,,,,,,,,,,,
Raipur,0,0,0,0,0,0,,,,,,,,,,,,
Rajkot,0,0,0,0,0,0,,,,,,,,,,,,
Ranchi,0,0,0,0,0,0,,,,,,,,,,,,
Srinagar,0,0,0,0,0,0,,,,,,,,,,,,
Surat,2,0,0,0,0,0,,,,,,,,,,,,
Thiruvananthapuram,0,0,0,0,0,0,,,,,,,,,,,,
Thrissur,0,0,21,1.1,0,0,,,,,,,,,,,,
Tiruch irapalli,0,0,0,0,0,0,,,,,,,,,,,,
Vadodara,0,0,0,0,0,0,,,,,,,,,,,,
Varanasi,0,0,0,0,0,0,,,,,,,,,,,,
Vasai Virar,2,0.2,0,0,0,0,,,,,,,,,,,,
Vijayawada,0,0,0,0,0,0,,,,,,,,,,,,
Vishakhapatnam,0,0,0,0,0,0,,,,,,,,,,,,
,,,,,,,,,,,,,,,,,,
,Riots Others (excluding previous columns),,Criminal Breach of Trust,,Cheating,,,,,,,,,,,,,
,I,R,I,R,I,R,,,,,,,,,,,,
Agra,242,13.9,73,4.2,299,17.1,,,,,,,,,,,,
Ahmedabad,59,0.9,169,2.7,214,3.4,,,,,,,,,,,,
Allahabad,21,1.7,59,4.8,299,24.6,,,,,,,,,,,,
Amritsar,0,0,24,2,307,25.9,,,,,,,,,,,,
Asansol,181,14.6,98,7.9,136,10.9,,,,,,,,,,,,
Aurangabad,134,11.3,IB,1.3,197,16.6,,,,,,,,,,,,
Bengaluru,373,4.4,107,1.3,3045,35.8,,,,,,,,,,,,
Bhopal,41,2.2,20,1.1,197,10.5,,,,,,,,,,,,
Chandigarh City,25,2.4,22,2.1,242,23.6,,,,,,,,,,,,
Chennai,118,1.4,6,0.1,553,6.4,,,,,,,,,,,,
Coimbatore,25,1.2,8,0.4,177,8.2,,,,,,,,,,,,
Delhi (City),119,0.7,593,3.6,4119,25.2,,,,,,,,,,,,
Dhanbad,57,4.8,68,5.7,21,1.8,,,,,,,,,,,,
Durg-Bhilainagar,34,3.2,13,1.2,92,8.6,,,,,,,,,,,,
Faridabad,0,0,200,14.2,50,3.6,,,,,,,,,,,,
Ghaziabad,37,1.6,125,5.3,329,13.9,,,,,,,,,,,,
Gwalior,68,6.2,51,4.6,121,11,,,,,,,,,,,,
Flyderabad,29,0.4,97,1.3,2557,33,,,,,,,,,,,,
Indore,47,2.2,30,1.4,156,7.2,,,,,,,,,,,,
Jabalpur,37,2.9,7,0.6,89,7,,,,,,,,,,,,
Jaipur,66,2.1,320,10.4,4634,150.8,,,,,,,,,,,,
Jamshedpur,82,6.1,101,7.6,381,28.5,,,,,,,,,,,,
Jodhpur,3,0.3,14,1.2,537,47.2,,,,,,,,,,,,
Kannur,163,9.9,2,0.1,47,2.9,,,,,,,,,,,,
Kanpur,97,3.3,125,4.3,337,11.5,,,,,,,,,,,,
Kochi,57,2.7,IB,0.7,749,35.4,,,,,,,,,,,,
Kolkata,315,2.2,338,2.4,1914,13.6,,,,,,,,,,,,
Kollam,276,24.9,9,0.8,187,16.8,,,,,,,,,,,,
Kota,0,0,9,0.9,917,91.6,,,,,,,,,,,,
Kozhikode,189,9.3,34,1.7,259,12.8,,,,,,,,,,,,
Lucknow,65,2.2,459,15.8,841,29,,,,,,,,,,,,
Ludhiana,0,0,29,1.8,349,21.6,,,,,,,,,,,,
Madurai,23,1.6,8,0.5,247,16.9,,,,,,,,,,,,
Malappuram,154,9.1,4,0.2,98,5.8,,,,,,,,,,,,
Meerut,153,10.7,67,4.7,259,18.2,,,,,,,,,,,,
Mumbai,400,2.2,672,3.6,2594,14.1,,,,,,,,,,,,
Nagpur,147,5.9,52,2.1,394,15.8,,,,,,,,,,,,
Nasik,63,4,26,1.7,130,8.3,,,,,,,,,,,,
Patna,470,23,60,2.9,1102,53.8,,,,,,,,,,,,
Pune,238,4.7,70,1.4,770,15.2,,,,,,,,,,,,
Raipur,43,3.8,29,2.6,252,22.4,,,,,,,,,,,,
Rajkot,61,4.4,70,5,18,1.3,,,,,,,,,,,,
Ranchi,47,4.2,32,2.8,206,18.3,,,,,,,,,,,,
Srinagar,130,10.2,9,0.7,77,6,,,,,,,,,,,,
Surat,30,0.7,26,0.6,329,7.2,,,,,,,,,,,,
Thiruvananthapuram,226,13.4,19,1.1,294,17.4,,,,,,,,,,,,
Thrissur,73,3.9,14,0.8,362,19.5,,,,,,,,,,,,
Tiruch irapalli,10,1,0,0,102,10,,,,,,,,,,,,
Vadodara,41,2.3,18,1,195,10.7,,,,,,,,,,,,
Varanasi,34,2.4,124,8.6,313,21.8,,,,,,,,,,,,
Vasai Virar,95,7.8,28,2.3,213,17.4,,,,,,,,,,,,
Vijayawada,2,0.1,68,4.6,391,26.2,,,,,,,,,,,,
Vishakhapatnam,0,0,71,4.1,413,23.9,,,,,,,,,,,,
,,,,,,,,,,,,,,,,,,
,Forgery,,Counterfeiting Total,,"Offences Related to Counterfeit Coin (Section 231-235,237, 238-240 & 242-243 IPC)",,Counterfeiting Government Stamp (Section 255 IPC),,,,,,,,,,,
,I,R,I,R,I,R,I,R,,,,,,,,,,
Agra,0,0,6,0.3,0,0,0,0,,,,,,,,,,
Ahmedabad,5,0.1,11,0.2,0,0,0,0,,,,,,,,,,
Allahabad,0,0,6,0.5,0,0,0,0,,,,,,,,,,
Amritsar,2,0.2,2,0.2,0,0,0,0,,,,,,,,,,
Asansol,68,5.5,2,0.2,0,0,0,0,,,,,,,,,,
Aurangabad,4,0.3,2,0.2,0,0,0,0,,,,,,,,,,
Bengaluru,43,0.5,29,0.3,0,0,0,0,,,,,,,,,,
Bhopal,3,0.2,5,0.3,0,0,0,0,,,,,,,,,,
Chandigarh City,3,0.3,0,0,0,0,0,0,,,,,,,,,,
Chennai,67,0.8,74,0.9,0,0,0,0,,,,,,,,,,
Coimbatore,1,0,2,0.1,0,0,0,0,,,,,,,,,,
Delhi (City),354,2.2,72,0.4,1,0,0,0,,,,,,,,,,
Dhanbad,24,2,1,0.1,0,0,0,0,,,,,,,,,,
Durg-Bhilainagar,1,0.1,6,0.6,0,0,0,0,,,,,,,,,,
Faridabad,107,7.6,4,0.3,0,0,0,0,,,,,,,,,,
Ghaziabad,0,0,1,0,0,0,0,0,,,,,,,,,,
Gwalior,3,0.3,0,0,0,0,0,0,,,,,,,,,,
Flyderabad,43,0.6,37,0.5,0,0,0,0,,,,,,,,,,
Indore,47,2.2,5,0.2,0,0,0,0,,,,,,,,,,
Jabalpur,9,0.7,2,0.2,0,0,0,0,,,,,,,,,,
Jaipur,1,0,6,0.2,0,0,0,0,,,,,,,,,,
Jamshedpur,41,3.1,0,0,0,0,0,0,,,,,,,,,,
Jodhpur,532,46.7,2,0.2,0,0,0,0,,,,,,,,,,
Kannur,0,0,1,0.1,0,0,0,0,,,,,,,,,,
Kanpur,0,0,6,0.2,0,0,0,0,,,,,,,,,,
Kochi,1,0,3,0.1,0,0,0,0,,,,,,,,,,
Kolkata,0,0,24,0.2,0,0,0,0,,,,,,,,,,
Kollam,14,1.3,2,0.2,0,0,0,0,,,,,,,,,,
Kota,0,0,2,0.2,0,0,0,0,,,,,,,,,,
Kozhikode,3,0.1,9,0.4,0,0,0,0,,,,,,,,,,
Lucknow,44,1.5,7,0.2,0,0,0,0,,,,,,,,,,
Ludhiana,0,0,1,0.1,0,0,0,0,,,,,,,,,,
Madurai,0,0,27,1.8,0,0,0,0,,,,,,,,,,
Malappuram,0,0,1,0.1,0,0,0,0,,,,,,,,,,
Meerut,0,0,6,0.4,0,0,0,0,,,,,,,,,,
Mumbai,980,5.3,39,0.2,0,0,0,0,,,,,,,,,,
Nagpur,2,0.1,3,0.1,0,0,0,0,,,,,,,,,,
Nasik,1,0.1,12,0.8,0,0,0,0,,,,,,,,,,
Patna,0,0,1,0,1,0,0,0,,,,,,,,,,
Pune,8,0.2,14,0.3,0,0,0,0,,,,,,,,,,
Raipur,0,0,3,0.3,0,0,0,0,,,,,,,,,,
Rajkot,3,0.2,3,0.2,0,0,0,0,,,,,,,,,,
Ranchi,55,4.9,2,0.2,0,0,0,0,,,,,,,,,,
Srinagar,0,0,5,0.4,0,0,0,0,,,,,,,,,,
Surat,18,0.4,7,0.2,0,0,0,0,,,,,,,,,,
Thiruvananthapuram,23,1.4,14,0.8,0,0,0,0,,,,,,,,,,
Thrissur,4,0.2,3,0.2,0,0,0,0,,,,,,,,,,
Tiruch irapalli,0,0,2,0.2,0,0,0,0,,,,,,,,,,
Vadodara,9,0.5,4,0.2,0,0,0,0,,,,,,,,,,
Varanasi,0,0,5,0.3,0,0,0,0,,,,,,,,,,
Vasai Virar,11,0.9,10,0.8,0,0,0,0,,,,,,,,,,
Vijayawada,46,3.1,12,0.8,0,0,0,0,,,,,,,,,,
Vishakhapatnam,3,0.2,7,0.4,0,0,0,0,,,,,,,,,,
,,,,,,,,,,,,,,,,,,
,Counterfeit Currency & Bank Notes Total,,Counterfeiting Currency- Notes or Bank Notes (Section 489A IPC),,"Using As Genuine, Forged or Counterfeiting Currency / Bank Notes (Section 489B IPC)",,,,,,,,,,,,,
,I,R,I,R,I,R,,,,,,,,,,,,
Agra,6,0.3,6,0.3,0,0,,,,,,,,,,,,
Ahmedabad,11,0.2,2,0,1,0,,,,,,,,,,,,
Allahabad,6,0.5,6,0.5,0,0,,,,,,,,,,,,
Amritsar,2,0.2,2,0.2,0,0,,,,,,,,,,,,
Asansol,2,0.2,2,0.2,0,0,,,,,,,,,,,,
Aurangabad,2,0.2,2,0.2,0,0,,,,,,,,,,,,
Bengaluru,29,0.3,13,0.2,13,0.2,,,,,,,,,,,,
Bhopal,5,0.3,0,0,0,0,,,,,,,,,,,,
Chandigarh City,0,0,0,0,0,0,,,,,,,,,,,,
Chennai,74,0.9,0,0,74,0.9,,,,,,,,,,,,
Coimbatore,2,0.1,0,0,0,0,,,,,,,,,,,,
Delhi (City),71,0.4,5,0,5,0,,,,,,,,,,,,
Dhanbad,1,0.1,1,0.1,0,0,,,,,,,,,,,,
Durg-Bhilainagar,6,0.6,0,0,6,0.6,,,,,,,,,,,,
Faridabad,4,0.3,0,0,4,0.3,,,,,,,,,,,,
Ghaziabad,1,0,1,0,0,0,,,,,,,,,,,,
Gwalior,0,0,0,0,0,0,,,,,,,,,,,,
Flyderabad,37,0.5,6,0.1,26,0.3,,,,,,,,,,,,
Indore,5,0.2,4,0.2,0,0,,,,,,,,,,,,
Jabalpur,2,0.2,2,0.2,0,0,,,,,,,,,,,,
Jaipur,6,0.2,1,0,4,0.1,,,,,,,,,,,,
Jamshedpur,0,0,0,0,0,0,,,,,,,,,,,,
Jodhpur,2,0.2,0,0,2,0.2,,,,,,,,,,,,
Kannur,1,0.1,0,0,1,0.1,,,,,,,,,,,,
Kanpur,6,0.2,6,0.2,0,0,,,,,,,,,,,,
Kochi,3,0.1,3,0.1,0,0,,,,,,,,,,,,
Kolkata,24,0.2,19,0.1,3,0,,,,,,,,,,,,
Kollam,2,0.2,2,0.2,0,0,,,,,,,,,,,,
Kota,2,0.2,2,0.2,0,0,,,,,,,,,,,,
Kozhikode,9,0.4,7,0.3,1,0,,,,,,,,,,,,
Lucknow,7,0.2,3,0.1,4,0.1,,,,,,,,,,,,
Ludhiana,1,0.1,1,0.1,0,0,,,,,,,,,,,,
Madurai,27,1.8,27,1.8,0,0,,,,,,,,,,,,
Malappuram,1,0.1,1,0.1,0,0,,,,,,,,,,,,
Meerut,6,0.4,6,0.4,0,0,,,,,,,,,,,,
Mumbai,39,0.2,26,0.1,8,0,,,,,,,,,,,,
Nagpur,3,0.1,3,0.1,0,0,,,,,,,,,,,,
Nasik,12,0.8,11,0.7,1,0.1,,,,,,,,,,,,
Patna,0,0,0,0,0,0,,,,,,,,,,,,
Pune,14,0.3,14,0.3,0,0,,,,,,,,,,,,
Raipur,3,0.3,3,0.3,0,0,,,,,,,,,,,,
Rajkot,3,0.2,0,0,3,0.2,,,,,,,,,,,,
Ranchi,2,0.2,0,0,0,0,,,,,,,,,,,,
Srinagar,5,0.4,5,0.4,0,0,,,,,,,,,,,,
Surat,7,0.2,4,0.1,3,0.1,,,,,,,,,,,,
Thiruvananthapuram,14,0.8,0,0,0,0,,,,,,,,,,,,
Thrissur,3,0.2,3,0.2,0,0,,,,,,,,,,,,
Tiruch irapalli,2,0.2,2,0.2,0,0,,,,,,,,,,,,
Vadodara,4,0.2,4,0.2,0,0,,,,,,,,,,,,
Varanasi,5,0.3,5,0.3,0,0,,,,,,,,,,,,
Vasai Virar,10,0.8,0,0,10,0.8,,,,,,,,,,,,
Vijayawada,12,0.8,0,0,12,0.8,,,,,,,,,,,,
Vishakhapatnam,7,0.4,7,0.4,0,0,,,,,,,,,,,,
,,,,,,,,,,,,,,,,,,
,Possession Of Forged Or Counterfeiting Currency / Bank Notes (Section 489C IPC),,Making or Possessing Materials for Forged or Counterfeiting Currency / Bank Notes (Section 489D IPC),,Making or Using Documents Resembling Currency Notes / Bank Notes (Section 489- E IPC),,,,,,,,,,,,,
,I,R,I,R,I,R,,,,,,,,,,,,
Agra,0,0,0,0,0,0,,,,,,,,,,,,
Ahmedabad,8,0.1,0,0,0,0,,,,,,,,,,,,
Allahabad,0,0,0,0,0,0,,,,,,,,,,,,
Amritsar,0,0,0,0,0,0,,,,,,,,,,,,
Asansol,0,0,0,0,0,0,,,,,,,,,,,,
Aurangabad,0,0,0,0,0,0,,,,,,,,,,,,
Bengaluru,2,0,0,0,1,0,,,,,,,,,,,,
Bhopal,0,0,5,0.3,0,0,,,,,,,,,,,,
Chandigarh City,0,0,0,0,0,0,,,,,,,,,,,,
Chennai,0,0,0,0,0,0,,,,,,,,,,,,
Coimbatore,2,0.1,0,0,0,0,,,,,,,,,,,,
Delhi (City),61,0.4,0,0,0,0,,,,,,,,,,,,
Dhanbad,0,0,0,0,0,0,,,,,,,,,,,,
Durg-Bhilainagar,0,0,0,0,0,0,,,,,,,,,,,,
Faridabad,0,0,0,0,0,0,,,,,,,,,,,,
Ghaziabad,0,0,0,0,0,0,,,,,,,,,,,,
Gwalior,0,0,0,0,0,0,,,,,,,,,,,,
Flyderabad,5,0.1,0,0,0,0,,,,,,,,,,,,
Indore,1,0,0,0,0,0,,,,,,,,,,,,
Jabalpur,0,0,0,0,0,0,,,,,,,,,,,,
Jaipur,1,0,0,0,0,0,,,,,,,,,,,,
Jamshedpur,0,0,0,0,0,0,,,,,,,,,,,,
Jodhpur,0,0,0,0,0,0,,,,,,,,,,,,
Kannur,0,0,0,0,0,0,,,,,,,,,,,,
Kanpur,0,0,0,0,0,0,,,,,,,,,,,,
Kochi,0,0,0,0,0,0,,,,,,,,,,,,
Kolkata,2,0,0,0,0,0,,,,,,,,,,,,
Kollam,0,0,0,0,0,0,,,,,,,,,,,,
Kota,0,0,0,0,0,0,,,,,,,,,,,,
Kozhikode,1,0,0,0,0,0,,,,,,,,,,,,
Lucknow,0,0,0,0,0,0,,,,,,,,,,,,
Ludhiana,0,0,0,0,0,0,,,,,,,,,,,,
Madurai,0,0,0,0,0,0,,,,,,,,,,,,
Malappuram,0,0,0,0,0,0,,,,,,,,,,,,
Meerut,0,0,0,0,0,0,,,,,,,,,,,,
Mumbai,5,0,0,0,0,0,,,,,,,,,,,,
Nagpur,0,0,0,0,0,0,,,,,,,,,,,,
Nasik,0,0,0,0,0,0,,,,,,,,,,,,
Patna,0,0,0,0,0,0,,,,,,,,,,,,
Pune,0,0,0,0,0,0,,,,,,,,,,,,
Raipur,0,0,0,0,0,0,,,,,,,,,,,,
Rajkot,0,0,0,0,0,0,,,,,,,,,,,,
Ranchi,0,0,0,0,2,0.2,,,,,,,,,,,,
Srinagar,0,0,0,0,0,0,,,,,,,,,,,,
Surat,0,0,0,0,0,0,,,,,,,,,,,,
Thiruvananthapuram,0,0,0,0,14,0.8,,,,,,,,,,,,
Thrissur,0,0,0,0,0,0,,,,,,,,,,,,
Tiruch irapalli,0,0,0,0,0,0,,,,,,,,,,,,
Vadodara,0,0,0,0,0,0,,,,,,,,,,,,
Varanasi,0,0,0,0,0,0,,,,,,,,,,,,
Vasai Virar,0,0,0,0,0,0,,,,,,,,,,,,
Vijayawada,0,0,0,0,0,0,,,,,,,,,,,,
Vishakhapatnam,0,0,0,0,0,0,,,,,,,,,,,,
,,,,,,,,,,,,,,,,,,
,Arson,,Grievous Hurt (Total),,Grievous Hurt (Section 325 & 326 IPC),,Acid Attack (Section 326A IPC),,Attempt To Acid Attack (Section 326B IPC),,,,,,,,,
,I,R,I,R,I,R,I,R,I,E,,,,,,,,
Agra,5,0.3,164,9.4,163,9.3,1,0.1,0,0,,,,,,,,
Ahmedabad,4,0.1,245,3.9,241,3.8,3,0,1,0,,,,,,,,
Allahabad,0,0,21,1.7,19,1.6,2,0.2,0,0,,,,,,,,
Amritsar,2,0.2,143,12.1,142,12,1,0.1,0,0,,,,,,,,
Asansol,10,0.8,2,0.2,0,0,2,0.2,0,0,,,,,,,,
Aurangabad,35,2.9,71,6,71,6,0,0,0,0,,,,,,,,
Bengaluru,100,1.2,217,2.6,216,2.5,0,0,1,0,,,,,,,,
Bhopal,12,0.6,298,15.8,298,15.8,0,0,0,0,,,,,,,,
Chandigarh City,12,1.2,19,1.9,19,1.9,0,0,0,0,,,,,,,,
Chennai,17,0.2,46,0.5,44,0.5,2,0,0,0,,,,,,,,
Coimbatore,14,0.7,17,0.8,17,0.8,0,0,0,0,,,,,,,,
Delhi (City),166,1,606,3.7,575,3.5,20,0.1,11,0.1,,,,,,,,
Dhanbad,0,0,12,1,12,1,0,0,0,0,,,,,,,,
Durg-Bhilainagar,36,3.4,42,3.9,42,3.9,0,0,0,0,,,,,,,,
Faridabad,7,0.5,111,7.9,110,7.8,1,0.1,0,0,,,,,,,,
Ghaziabad,1,0,10,0.4,8,0.3,1,0,1,0,,,,,,,,
Gwalior,10,0.9,36,3.3,36,3.3,0,0,0,0,,,,,,,,
Flyderabad,20,0.3,119,1.5,119,1.5,0,0,0,0,,,,,,,,
Indore,39,1.8,72,3.3,70,3.2,2,0.1,0,0,,,,,,,,
Jabalpur,4,0.3,93,7.3,93,7.3,0,0,0,0,,,,,,,,
Jaipur,26,0.8,6,0.2,6,0.2,0,0,0,0,,,,,,,,
Jamshedpur,1,0.1,56,4.2,55,4.1,1,0.1,0,0,,,,,,,,
Jodhpur,11,1,10,0.9,10,0.9,0,0,0,0,,,,,,,,
Kannur,20,1.2,8,0.5,8,0.5,0,0,0,0,,,,,,,,
Kanpur,3,0.1,91,3.1,90,3.1,0,0,1,0,,,,,,,,
Kochi,3,0.1,49,2.3,49,2.3,0,0,0,0,,,,,,,,
Kolkata,0,0,905,6.4,905,6.4,0,0,0,0,,,,,,,,
Kollam,13,1.2,132,11.9,132,11.9,0,0,0,0,,,,,,,,
Kota,1,0.1,28,2.8,28,2.8,0,0,0,0,,,,,,,,
Kozhikode,9,0.4,31,1.5,31,1.5,0,0,0,0,,,,,,,,
Lucknow,11,0.4,91,3.1,91,3.1,0,0,0,0,,,,,,,,
Ludhiana,5,0.3,208,12.9,206,12.8,2,0.1,0,0,,,,,,,,
Madurai,7,0.5,4,0.3,4,0.3,0,0,0,0,,,,,,,,
Malappuram,4,0.2,20,1.2,20,1.2,0,0,0,0,,,,,,,,
Meerut,0,0,10,0.7,10,0.7,0,0,0,0,,,,,,,,
Mumbai,54,0.3,2006,10.9,2004,10.9,2,0,0,0,,,,,,,,
Nagpur,33,1.3,313,12.5,312,12.5,0,0,1,0,,,,,,,,
Nasik,6,0.4,65,4.2,65,4.2,0,0,0,0,,,,,,,,
Patna,0,0,2515,122.9,2515,122.9,0,0,0,0,,,,,,,,
Pune,38,0.8,470,9.3,469,9.3,0,0,1,0,,,,,,,,
Raipur,19,1.7,99,8.8,99,8.8,0,0,0,0,,,,,,,,
Rajkot,11,0.8,92,6.6,92,6.6,0,0,0,0,,,,,,,,
Ranchi,9,0.8,421,37.4,421,37.4,0,0,0,0,,,,,,,,
Srinagar,27,2.1,8,0.6,6,0.5,2,0.2,0,0,,,,,,,,
Surat,4,0.1,355,7.7,355,7.7,0,0,0,0,,,,,,,,
Thiruvananthapuram,10,0.6,48,2.8,48,2.8,0,0,0,0,,,,,,,,
Thrissur,12,0.6,67,3.6,67,3.6,0,0,0,0,,,,,,,,
Tiruch irapalli,0,0,13,1.3,13,1.3,0,0,0,0,,,,,,,,
Vadodara,8,0.4,106,5.8,105,5.8,1,0.1,0,0,,,,,,,,
Varanasi,0,0,74,5.2,74,5.2,0,0,0,0,,,,,,,,
Vasai Virar,4,0.3,77,6.3,76,6.2,1,0.1,0,0,,,,,,,,
Vijayawada,21,1.4,25,1.7,25,1.7,0,0,0,0,,,,,,,,
Vishakhapatnam,14,0.8,64,3.7,63,3.6,1,0.1,0,0,,,,,,,,
,,,,,,,,,,,,,,,,,,
,Dowry Deaths,,Assault,,Sexual Harassment,,Use of Criminal Force with intent to Disrobe,,,,,,,,,,,
,I,R,I,R,I,R,I,R,,,,,,,,,,
Agra,36,4.5,207,25.7,158,19.7,8,1,,,,,,,,,,
Ahmedabad,11,0.4,162,5.4,68,2.3,1,0,,,,,,,,,,
Allahabad,14,2.5,96,17.1,50,8.9,4,0.7,,,,,,,,,,
Amritsar,3,0.5,45,8.1,45,8.1,0,0,,,,,,,,,,
Asansol,28,4.7,158,26.6,31,5.2,38,6.4,,,,,,,,,,
Aurangabad,2,0.4,227,39.9,110,19.3,17,3,,,,,,,,,,
Bengaluru,57,1.4,680,16.8,53,1.3,8,0.2,,,,,,,,,,
Bhopal,16,1.8,289,32.2,289,32.2,0,0,,,,,,,,,,
Chandigarh City,2,0.4,78,16.8,30,6.5,3,0.6,,,,,,,,,,
Chennai,10,0.2,59,1.4,0,0,0,0,,,,,,,,,,
Coimbatore,0,0,8,0.7,0,0,0,0,,,,,,,,,,
Delhi (City),127,1.7,3810,50.3,1066,14.1,316,4.2,,,,,,,,,,
Dhanbad,9,1.6,18,3.2,0,0,0,0,,,,,,,,,,
Durg-Bhilainagar,9,1.7,194,37.5,0,0,0,0,,,,,,,,,,
Faridabad,20,3.1,94,14.4,35,5.4,21,3.2,,,,,,,,,,
Ghaziabad,17,1.5,168,15.2,83,7.5,19,1.7,,,,,,,,,,
Gwalior,28,5.5,272,53,47,9.2,10,1.9,,,,,,,,,,
Flyderabad,22,0.6,393,10.4,115,3.1,18,0.5,,,,,,,,,,
Indore,23,2.2,301,29,80,7.7,4,0.4,,,,,,,,,,
Jabalpur,17,2.8,221,36.6,0,0,0,0,,,,,,,,,,
Jaipur,33,2.3,455,31.3,52,3.6,44,3,,,,,,,,,,
Jamshedpur,8,1.3,30,4.7,8,1.3,6,0.9,,,,,,,,,,
Jodhpur,8,1.5,212,39.4,23,4.3,16,3,,,,,,,,,,
Kannur,1,0.1,47,5.3,3,0.3,0,0,,,,,,,,,,
Kanpur,27,2,129,9.7,38,2.8,30,2.2,,,,,,,,,,
Kochi,0,0,158,14.7,158,14.7,0,0,,,,,,,,,,
Kolkata,12,0.2,577,8.5,133,2,38,0.6,,,,,,,,,,
Kollam,1,0.2,287,49.5,287,49.5,0,0,,,,,,,,,,
Kota,3,0.6,102,21.6,30,6.4,0,0,,,,,,,,,,
Kozhikode,1,0.1,107,10.1,6,0.6,0,0,,,,,,,,,,
Lucknow,31,2.2,229,16.6,134,9.7,19,1.4,,,,,,,,,,
Ludhiana,5,0.7,98,13.3,10,1.4,2,0.3,,,,,,,,,,
Madurai,1,0.1,22,3,22,3,0,0,,,,,,,,,,
Malappuram,0,0,75,8.4,3,0.3,0,0,,,,,,,,,,
Meerut,20,3,217,32.4,91,13.6,10,1.5,,,,,,,,,,
Mumbai,22,0.3,1626,19.1,650,7.6,49,0.6,,,,,,,,,,
Nagpur,10,0.8,279,22.8,197,16.1,11,0.9,,,,,,,,,,
Nasik,3,0.4,101,13.7,47,6.4,15,2,,,,,,,,,,
Patna,41,4.3,0,0,0,0,0,0,,,,,,,,,,
Pune,20,0.8,454,19,110,4.6,6,0.3,,,,,,,,,,
Raipur,2,0.4,120,22.1,42,7.7,5,0.9,,,,,,,,,,
Rajkot,0,0,31,4.7,5,0.8,0,0,,,,,,,,,,
Ranchi,10,1.9,16,3,5,0.9,0,0,,,,,,,,,,
Srinagar,0,0,218,36.6,1,0.2,0,0,,,,,,,,,,
Surat,2,0.1,70,3.5,45,2.3,0,0,,,,,,,,,,
Thiruvananthapuram,2,0.2,254,29.1,52,6,18,2.1,,,,,,,,,,
Thrissur,0,0,109,11.1,22,2.2,5,0.5,,,,,,,,,,
Tiruch irapalli,0,0,10,1.9,4,0.8,0,0,,,,,,,,,,
Vadodara,1,0.1,109,12.5,46,5.3,3,0.3,,,,,,,,,,
Varanasi,11,1.6,116,17.2,67,9.9,25,3.7,,,,,,,,,,
Vasai Virar,0,0,113,19.8,14,2.4,5,0.9,,,,,,,,,,
Vijayawada,10,1.4,279,37.7,40,5.4,15,2,,,,,,,,,,
Vishakhapatnam,13,1.5,147,17.2,50,5.8,0,0,,,,,,,,,,
,,,,,,,,,,,,,,,,,,
,Voyeurism(Section 354C IPC),,,,,,,,,,,,,,,,,
,I,R,I,R,I,R,,,,,,,,,,,,
Agra,2,0.2,18,2.2,21,2.6,,,,,,,,,,,,
Ahmedabad,2,0.1,12,0.4,79,2.6,,,,,,,,,,,,
Allahabad,2,0.4,40,7.1,0,0,,,,,,,,,,,,
Amritsar,0,0,0,0,0,0,,,,,,,,,,,,
Asansol,3,0.5,8,1.3,78,13.1,,,,,,,,,,,,
Aurangabad,2,0.4,65,11.4,33,5.8,,,,,,,,,,,,
Bengaluru,4,0.1,19,0.5,596,14.7,,,,,,,,,,,,
Bhopal,0,0,0,0,0,0,,,,,,,,,,,,
Chandigarh City,2,0.4,8,1.7,35,7.6,,,,,,,,,,,,
Chennai,0,0,0,0,59,1.4,,,,,,,,,,,,
Coimbatore,0,0,0,0,8,0.7,,,,,,,,,,,,
Delhi (City),28,0.4,489,6.5,1911,25.2,,,,,,,,,,,,
Dhanbad,0,0,0,0,18,3.2,,,,,,,,,,,,
Durg-Bhilainagar,0,0,0,0,194,37.5,,,,,,,,,,,,
Faridabad,1,0.2,17,2.6,20,3.1,,,,,,,,,,,,
Ghaziabad,1,0.1,46,4.2,19,1.7,,,,,,,,,,,,
Gwalior,0,0,27,5.3,188,36.6,,,,,,,,,,,,
Flyderabad,12,0.3,35,0.9,213,5.7,,,,,,,,,,,,
Indore,1,0.1,31,3,185,17.8,,,,,,,,,,,,
Jabalpur,0,0,0,0,221,36.6,,,,,,,,,,,,
Jaipur,1,0.1,34,2.3,324,22.3,,,,,,,,,,,,
Jamshedpur,0,0,0,0,16,2.5,,,,,,,,,,,,
Jodhpur,3,0.6,IB,2.8,IBB,28.8,,,,,,,,,,,,
Kannur,0,0,0,0,44,5,,,,,,,,,,,,
Kanpur,0,0,61,4.6,0,0,,,,,,,,,,,,
Kochi,0,0,0,0,0,0,,,,,,,,,,,,
Kolkata,25,0.4,118,1.7,263,3.9,,,,,,,,,,,,
Kollam,0,0,0,0,0,0,,,,,,,,,,,,
Kota,0,0,5,1.1,67,14.2,,,,,,,,,,,,
Kozhikode,0,0,1,0.1,100,9.4,,,,,,,,,,,,
Lucknow,0,0,37,2.7,39,2.8,,,,,,,,,,,,
Ludhiana,1,0.1,2,0.3,83,11.2,,,,,,,,,,,,
Madurai,0,0,0,0,0,0,,,,,,,,,,,,
Malappuram,0,0,0,0,72,8.1,,,,,,,,,,,,
Meerut,0,0,43,6.4,73,10.9,,,,,,,,,,,,
Mumbai,14,0.2,129,1.5,784,9.2,,,,,,,,,,,,
Nagpur,4,0.3,53,4.3,14,1.1,,,,,,,,,,,,
Nasik,0,0,7,0.9,32,4.3,,,,,,,,,,,,
Patna,0,0,0,0,0,0,,,,,,,,,,,,
Pune,2,0.1,38,1.6,298,12.5,,,,,,,,,,,,
Raipur,0,0,11,2,62,11.4,,,,,,,,,,,,
Rajkot,0,0,0,0,26,3.9,,,,,,,,,,,,
Ranchi,0,0,0,0,11,2,,,,,,,,,,,,
Srinagar,0,0,0,0,217,36.4,,,,,,,,,,,,
Surat,0,0,1,0.1,24,1.2,,,,,,,,,,,,
Thiruvananthapuram,0,0,5,0.6,179,20.5,,,,,,,,,,,,
Thrissur,3,0.3,7,0.7,72,7.4,,,,,,,,,,,,
Tiruch irapalli,0,0,1,0.2,5,1,,,,,,,,,,,,
Vadodara,1,0.1,21,2.4,38,4.4,,,,,,,,,,,,
Varanasi,0,0,24,3.6,0,0,,,,,,,,,,,,
Vasai Virar,1,0.2,8,1.4,85,14.9,,,,,,,,,,,,
Vijayawada,9,1.2,91,12.3,124,16.8,,,,,,,,,,,,
Vishakhapatnam,0,0,27,3.2,70,8.2,,,,,,,,,,,,
,,,,,,,,,,,,,,,,,,
,Insult To The Modesty of Women (Total),,At Office Premises,,Other Places Related To Work,,In Public Transport System,,Other Places,,,,,,,,,
,I,R,I,R,I,R,I,R,I,R,,,,,,,,
Agra,0,0,0,0,0,0,0,0,0,0,,,,,,,,
Ahmedabad,3,0.1,0,0,0,0,0,0,3,0.1,,,,,,,,
Allahabad,1,0.2,0,0,0,0,0,0,1,0.2,,,,,,,,
Amritsar,2,0.4,0,0,0,0,0,0,2,0.4,,,,,,,,
Asansol,1,0.2,0,0,0,0,0,0,1,0.2,,,,,,,,
Aurangabad,5,0.9,0,0,0,0,0,0,5,0.9,,,,,,,,
Bengaluru,57,1.4,1,0,2,0,1,0,53,1.3,,,,,,,,
Bhopal,13,1.4,0,0,13,1.4,0,0,0,0,,,,,,,,
Chandigarh City,1,0.2,0,0,0,0,0,0,1,0.2,,,,,,,,
Chennai,157,3.6,0,0,157,3.6,0,0,0,0,,,,,,,,
Coimbatore,0,0,0,0,0,0,0,0,0,0,,,,,,,,
Delhi (City),1111,14.7,11,0.1,21,0.3,8,0.1,1071,14.1,,,,,,,,
Dhanbad,0,0,0,0,0,0,0,0,0,0,,,,,,,,
Durg-Bhilainagar,9,1.7,0,0,0,0,0,0,9,1.7,,,,,,,,
Faridabad,16,2.4,0,0,0,0,0,0,16,2.4,,,,,,,,
Ghaziabad,8,0.7,0,0,0,0,0,0,8,0.7,,,,,,,,
Gwalior,19,3.7,0,0,0,0,0,0,19,3.7,,,,,,,,
Flyderabad,87,2.3,4,0.1,23,0.6,0,0,60,1.6,,,,,,,,
Indore,31,3,1,0.1,0,0,1,0.1,29,2.8,,,,,,,,
Jabalpur,31,5.1,0,0,0,0,0,0,31,5.1,,,,,,,,
Jaipur,0,0,0,0,0,0,0,0,0,0,,,,,,,,
Jamshedpur,0,0,0,0,0,0,0,0,0,0,,,,,,,,
Jodhpur,3,0.6,0,0,0,0,0,0,3,0.6,,,,,,,,
Kannur,5,0.6,0,0,0,0,0,0,5,0.6,,,,,,,,
Kanpur,1,0.1,0,0,0,0,0,0,1,0.1,,,,,,,,
Kochi,18,1.7,0,0,0,0,0,0,18,1.7,,,,,,,,
Kolkata,286,4.2,2,0,2,0,7,0.1,275,4,,,,,,,,
Kollam,13,2.2,0,0,0,0,0,0,13,2.2,,,,,,,,
Kota,0,0,0,0,0,0,0,0,0,0,,,,,,,,
Kozhikode,9,0.8,0,0,0,0,0,0,9,0.8,,,,,,,,
Lucknow,2,0.1,2,0.1,0,0,0,0,0,0,,,,,,,,
Ludhiana,19,2.6,0,0,0,0,0,0,19,2.6,,,,,,,,
Madurai,1,0.1,0,0,0,0,0,0,1,0.1,,,,,,,,
Malappuram,0,0,0,0,0,0,0,0,0,0,,,,,,,,
Meerut,0,0,0,0,0,0,0,0,0,0,,,,,,,,
Mumbai,363,4.3,4,0,23,0.3,1,0,335,3.9,,,,,,,,
Nagpur,25,2,0,0,0,0,0,0,25,2,,,,,,,,
Nasik,3,0.4,0,0,0,0,0,0,3,0.4,,,,,,,,
Patna,56,5.8,0,0,0,0,0,0,56,5.8,,,,,,,,
Pune,98,4.1,0,0,6,0.3,0,0,92,3.8,,,,,,,,
Raipur,3,0.6,0,0,3,0.6,0,0,0,0,,,,,,,,
Rajkot,5,0.8,0,0,0,0,0,0,5,0.8,,,,,,,,
Ranchi,8,1.5,0,0,0,0,0,0,8,1.5,,,,,,,,
Srinagar,44,7.4,0,0,0,0,0,0,44,7.4,,,,,,,,
Surat,0,0,0,0,0,0,0,0,0,0,,,,,,,,
Thiruvananthapuram,15,1.7,0,0,0,0,0,0,15,1.7,,,,,,,,
Thrissur,11,1.1,0,0,0,0,0,0,11,1.1,,,,,,,,
Tiruch irapalli,3,0.6,0,0,0,0,0,0,3,0.6,,,,,,,,
Vadodara,8,0.9,0,0,0,0,0,0,8,0.9,,,,,,,,
Varanasi,3,0.4,0,0,0,0,0,0,3,0.4,,,,,,,,
Vasai Virar,16,2.8,0,0,0,0,0,0,16,2.8,,,,,,,,
Vijayawada,212,28.6,0,0,0,0,1,0.1,211,28.5,,,,,,,,
Vishakhapatnam,112,13.1,0,0,0,0,0,0,112,13.1,,,,,,,,
,,,,,,,,,,,,,,,,,,
,Cruelty By Husband or His Relatives,,Importation of Girls From Foreign Country,,Causing Death By Negligence (Total),,Deaths due to Rash/Negligent Driving,,Deaths due to Other Causes,,,,,,,,,
,I,R,I,R,I,R,I,R,I,R,,,,,,,,
Agra,367,45.6,0,0,189,10.8,168,9.6,21,1.2,,,,,,,,
Ahmedabad,802,26.7,0,0,330,5.2,324,5.1,6,0.1,,,,,,,,
Allahabad,176,31.4,0,0,78,6.4,78,6.4,0,0,,,,,,,,
Amritsar,150,27.1,0,0,62,5.2,60,5.1,2,0.2,,,,,,,,
Asansol,490,82.4,0,0,211,17,211,17,0,0,,,,,,,,
Aurangabad,164,28.8,0,0,183,15.4,178,15,5,0.4,,,,,,,,
Bengaluru,490,12.1,0,0,885,10.4,684,8,201,2.4,,,,,,,,
Bhopal,295,32.9,0,0,216,11.5,187,9.9,29,1.5,,,,,,,,
Chandigarh City,137,29.6,0,0,90,8.8,82,8,8,0.8,,,,,,,,
Chennai,302,7,0,0,1083,12.5,1083,12.5,0,0,,,,,,,,
Coimbatore,63,5.9,0,0,297,13.8,279,13,18,0.8,,,,,,,,
Delhi (City),2840,37.5,0,0,1608,9.9,1338,8.2,270,1.7,,,,,,,,
Dhanbad,31,5.5,0,0,0,0,0,0,0,0,,,,,,,,
Durg-Bhilainagar,144,27.8,0,0,178,16.7,178,16.7,0,0,,,,,,,,
Faridabad,302,46.2,0,0,13,0.9,0,0,13,0.9,,,,,,,,
Ghaziabad,561,50.9,0,0,229,9.7,212,9,17,0.7,,,,,,,,
Gwalior,352,68.6,0,0,126,11.4,126,11.4,0,0,,,,,,,,
Flyderabad,1289,34.2,0,0,441,5.7,421,5.4,20,0.3,,,,,,,,
Indore,182,17.5,0,0,318,14.7,298,13.8,20,0.9,,,,,,,,
Jabalpur,163,27,0,0,145,11.4,136,10.7,9,0.7,,,,,,,,
Jaipur,1155,79.4,0,0,802,26.1,799,26,3,0.1,,,,,,,,
Jamshedpur,85,13.3,0,0,98,7.3,91,6.8,7,0.5,,,,,,,,
Jodhpur,428,79.6,0,0,255,22.4,236,20.7,19,1.7,,,,,,,,
Kannur,89,10.1,0,0,68,4.1,68,4.1,0,0,,,,,,,,
Kanpur,440,33,0,0,192,6.6,192,6.6,0,0,,,,,,,,
Kochi,166,15.4,0,0,114,5.4,112,5.3,2,0.1,,,,,,,,
Kolkata,1141,16.8,2,0,466,3.3,427,3,39,0.3,,,,,,,,
Kollam,296,51,0,0,181,16.3,181,16.3,0,0,,,,,,,,
Kota,538,114,0,0,119,11.9,115,11.5,4,0.4,,,,,,,,
Kozhikode,184,17.3,0,0,141,6.9,135,6.6,6,0.3,,,,,,,,
Lucknow,562,40.6,0,0,202,7,170,5.9,32,1.1,,,,,,,,
Ludhiana,158,21.4,0,0,240,14.9,240,14.9,0,0,,,,,,,,
Madurai,69,9.5,0,0,106,7.3,104,7.1,2,0.1,,,,,,,,
Malappuram,100,11.2,0,0,72,4.2,72,4.2,0,0,,,,,,,,
Meerut,399,59.6,0,0,179,12.6,179,12.6,0,0,,,,,,,,
Mumbai,563,6.6,0,0,584,3.2,528,2.9,56,0.3,,,,,,,,
Nagpur,234,19.1,0,0,316,12.7,316,12.7,0,0,,,,,,,,
Nasik,200,27.1,1,0.1,172,11,170,10.9,2,0.1,,,,,,,,
Patna,404,42.1,0,0,327,16,327,16,0,0,,,,,,,,
Pune,391,16.4,0,0,456,9,409,8.1,47,0.9,,,,,,,,
Raipur,83,15.3,0,0,145,12.9,119,10.6,26,2.3,,,,,,,,
Rajkot,301,45.6,0,0,142,10.2,137,9.8,5,0.4,,,,,,,,
Ranchi,92,17,1,0.2,82,7.3,82,7.3,0,0,,,,,,,,
Srinagar,63,10.6,0,0,51,4,51,4,0,0,,,,,,,,
Surat,405,20.5,0,0,244,5.3,244,5.3,0,0,,,,,,,,
Thiruvananthapuram,134,15.4,0,0,125,7.4,123,7.3,2,0.1,,,,,,,,
Thrissur,130,13.3,0,0,100,5.4,96,5.2,4,0.2,,,,,,,,
Tiruch irapalli,27,5.2,0,0,179,17.5,170,16.6,9,0.9,,,,,,,,
Vadodara,306,35.1,0,0,204,11.2,199,11,5,0.3,,,,,,,,
Varanasi,180,26.7,0,0,67,4.7,67,4.7,0,0,,,,,,,,
Vasai Virar,51,8.9,0,0,177,14.5,170,13.9,7,0.6,,,,,,,,
Vijayawada,642,86.8,0,0,312,20.9,312,20.9,0,0,,,,,,,,
Vishakhapatnam,371,43.4,0,0,360,20.8,353,20.4,7,0.4,,,,,,,,
,,,,,,,,,,,,,,,,,,
,Offences Against State (Total),,Sedition (Section 124A IPC),,Others,,,,,,,,,,,,,
,I,R,I,R,I,R,,,,,,,,,,,,
Agra,0,0,0,0,0,0,,,,,,,,,,,,
Ahmedabad,0,0,0,0,0,0,,,,,,,,,,,,
Allahabad,0,0,0,0,0,0,,,,,,,,,,,,
Amritsar,0,0,0,0,0,0,,,,,,,,,,,,
Asansol,0,0,0,0,0,0,,,,,,,,,,,,
Aurangabad,0,0,0,0,0,0,,,,,,,,,,,,
Bengaluru,0,0,0,0,0,0,,,,,,,,,,,,
Bhopal,0,0,0,0,0,0,,,,,,,,,,,,
Chandigarh City,0,0,0,0,0,0,,,,,,,,,,,,
Chennai,0,0,0,0,0,0,,,,,,,,,,,,
Coimbatore,0,0,0,0,0,0,,,,,,,,,,,,
Delhi (City),0,0,0,0,0,0,,,,,,,,,,,,
Dhanbad,0,0,0,0,0,0,,,,,,,,,,,,
Durg-Bhilainagar,0,0,0,0,0,0,,,,,,,,,,,,
Faridabad,0,0,0,0,0,0,,,,,,,,,,,,
Ghaziabad,0,0,0,0,0,0,,,,,,,,,,,,
Gwalior,0,0,0,0,0,0,,,,,,,,,,,,
Flyderabad,1,0,0,0,1,0,,,,,,,,,,,,
Indore,0,0,0,0,0,0,,,,,,,,,,,,
Jabalpur,0,0,0,0,0,0,,,,,,,,,,,,
Jaipur,0,0,0,0,0,0,,,,,,,,,,,,
Jamshedpur,0,0,0,0,0,0,,,,,,,,,,,,
Jodhpur,0,0,0,0,0,0,,,,,,,,,,,,
Kannur,0,0,0,0,0,0,,,,,,,,,,,,
Kanpur,0,0,0,0,0,0,,,,,,,,,,,,
Kochi,0,0,0,0,0,0,,,,,,,,,,,,
Kolkata,0,0,0,0,0,0,,,,,,,,,,,,
Kollam,0,0,0,0,0,0,,,,,,,,,,,,
Kota,0,0,0,0,0,0,,,,,,,,,,,,
Kozhikode,0,0,0,0,0,0,,,,,,,,,,,,
Lucknow,0,0,0,0,0,0,,,,,,,,,,,,
Ludhiana,0,0,0,0,0,0,,,,,,,,,,,,
Madurai,0,0,0,0,0,0,,,,,,,,,,,,
Malappuram,0,0,0,0,0,0,,,,,,,,,,,,
Meerut,0,0,0,0,0,0,,,,,,,,,,,,
Mumbai,0,0,0,0,0,0,,,,,,,,,,,,
Nagpur,0,0,0,0,0,0,,,,,,,,,,,,
Nasik,0,0,0,0,0,0,,,,,,,,,,,,
Patna,0,0,0,0,0,0,,,,,,,,,,,,
Pune,0,0,0,0,0,0,,,,,,,,,,,,
Raipur,0,0,0,0,0,0,,,,,,,,,,,,
Rajkot,0,0,0,0,0,0,,,,,,,,,,,,
Ranchi,0,0,0,0,0,0,,,,,,,,,,,,
Srinagar,0,0,0,0,0,0,,,,,,,,,,,,
Surat,0,0,0,0,0,0,,,,,,,,,,,,
Thiruvananthapuram,0,0,0,0,0,0,,,,,,,,,,,,
Thrissur,0,0,0,0,0,0,,,,,,,,,,,,
Tiruch irapalli,0,0,0,0,0,0,,,,,,,,,,,,
Vadodara,0,0,0,0,0,0,,,,,,,,,,,,
Varanasi,0,0,0,0,0,0,,,,,,,,,,,,
Vasai Virar,0,0,0,0,0,0,,,,,,,,,,,,
Vijayawada,1,0.1,1,0.1,0,0,,,,,,,,,,,,
Vishakhapatnam,0,0,0,0,0,0,,,,,,,,,,,,
,,,,,,,,,,,,,,,,,,
,Offences Promoting Enmity Between Different Groups (Total),,"Promoting Enmity Between Different Groups on Ground of Religion, Race, Place of Birth, etc. (Section 153A IPC)",,"Imputation, Assertions Prejudicial to National Integration (Section 153B IPC)",,Extortion,,Disclosure of Identity of Victims,,,,,,,,,
,I,R,I,R,I,R,I,R,I,R,,,,,,,,
Agra,3,0.2,2,0.1,1,0.1,42,2.4,0,0,,,,,,,,
Ahmedabad,0,0,0,0,0,0,28,0.4,0,0,,,,,,,,
Allahabad,0,0,0,0,0,0,0,0,0,0,,,,,,,,
Amritsar,0,0,0,0,0,0,3,0.3,0,0,,,,,,,,
Asansol,1,0.1,1,0.1,0,0,0,0,0,0,,,,,,,,
Aurangabad,0,0,0,0,0,0,13,1.1,0,0,,,,,,,,
Bengaluru,3,0,3,0,0,0,152,1.8,0,0,,,,,,,,
Bhopal,0,0,0,0,0,0,0,0,0,0,,,,,,,,
Chandigarh City,0,0,0,0,0,0,6,0.6,0,0,,,,,,,,
Chennai,4,0,4,0,0,0,56,0.6,1,0,,,,,,,,
Coimbatore,5,0.2,5,0.2,0,0,26,1.2,0,0,,,,,,,,
Delhi (City),13,0.1,13,0.1,0,0,211,1.3,1,0,,,,,,,,
Dhanbad,0,0,0,0,0,0,11,0.9,0,0,,,,,,,,
Durg-Bhilainagar,0,0,0,0,0,0,2,0.2,0,0,,,,,,,,
Faridabad,0,0,0,0,0,0,16,1.1,0,0,,,,,,,,
Ghaziabad,3,0.1,3,0.1,0,0,23,1,0,0,,,,,,,,
Gwalior,1,0.1,1,0.1,0,0,24,2.2,0,0,,,,,,,,
Hyderabad,0,0,0,0,0,0,47,0.6,0,0,,,,,,,,
Indore,0,0,0,0,0,0,1,0,0,0,,,,,,,,
Jabalpur,0,0,0,0,0,0,7,0.6,0,0,,,,,,,,
Jaipur,0,0,0,0,0,0,13,0.4,0,0,,,,,,,,
Jamshedpur,0,0,0,0,0,0,25,1.9,0,0,,,,,,,,
Jodhpur,2,0.2,2,0.2,0,0,2,0.2,0,0,,,,,,,,
Kannur,0,0,0,0,0,0,0,0,0,0,,,,,,,,
Kanpur,0,0,0,0,0,0,0,0,0,0,,,,,,,,
Kochi,3,0.1,3,0.1,0,0,3,0.1,0,0,,,,,,,,
Kolkata,0,0,0,0,0,0,168,1.2,0,0,,,,,,,,
Kollam,6,0.5,6,0.5,0,0,0,0,0,0,,,,,,,,
Kota,4,0.4,4,0.4,0,0,21,2.1,0,0,,,,,,,,
Kozhikode,1,0,1,0,0,0,0,0,0,0,,,,,,,,
Lucknow,2,0.1,2,0.1,0,0,42,1.4,0,0,,,,,,,,
Ludhiana,0,0,0,0,0,0,3,0.2,0,0,,,,,,,,
Madurai,0,0,0,0,0,0,32,2.2,0,0,,,,,,,,
Malappuram,1,0.1,1,0.1,0,0,1,0.1,0,0,,,,,,,,
Meerut,0,0,0,0,0,0,0,0,0,0,,,,,,,,
Mumbai,2,0,2,0,0,0,247,1.3,0,0,,,,,,,,
Nagpur,0,0,0,0,0,0,41,1.6,0,0,,,,,,,,
Nasik,1,0.1,0,0,1,0.1,15,1,0,0,,,,,,,,
Patna,0,0,0,0,0,0,75,3.7,0,0,,,,,,,,
Pune,2,0,2,0,0,0,62,1.2,0,0,,,,,,,,
Raipur,3,0.3,3,0.3,0,0,11,1,0,0,,,,,,,,
Rajkot,1,0.1,1,0.1,0,0,17,1.2,0,0,,,,,,,,
Ranchi,0,0,0,0,0,0,46,4.1,0,0,,,,,,,,
Srinagar,0,0,0,0,0,0,0,0,0,0,,,,,,,,
Surat,0,0,0,0,0,0,9,0.2,0,0,,,,,,,,
Thiruvananthapuram,8,0.5,8,0.5,0,0,13,0.8,0,0,,,,,,,,
Thrissur,0,0,0,0,0,0,0,0,0,0,,,,,,,,
Tiruchirapalli,0,0,0,0,0,0,0,0,0,0,,,,,,,,
Vadodara,3,0.2,3,0.2,0,0,14,0.8,0,0,,,,,,,,
Varanasi,0,0,0,0,0,0,31,2.2,0,0,,,,,,,,
Vasai Virar,1,0.1,1,0.1,0,0,3,0.2,0,0,,,,,,,,
Vijayawada,2,0.1,2,0.1,0,0,34,2.3,0,0,,,,,,,,
Vishakhapatnam,0,0,0,0,0,0,8,0.5,0,0,,,,,,,,
,,,,,,,,,,,,,,,,,,
,Causing Injuries under Rash Driving/ Road Rage,,Human Trafficking (under Sections 370 &370AIPC),,Unnatural Offences,,Other IPC Crimes,,,,,,,,,,,
,I,R,I,R,I,R,I,R,,,,,,,,,,
Agra,300,17.2,0,0,2,0.1,778,44.6,,,,,,,,,,
Ahmedabad,1756,27.6,2,0,3,0,7450,117.3,,,,,,,,,,
Allahabad,231,19,0,0,0,0,1545,127,,,,,,,,,,
Amritsar,76,6.4,0,0,4,0.3,467,39.4,,,,,,,,,,
Asansol,223,17.9,0,0,0,0,1905,153.3,,,,,,,,,,
Aurangabad,771,64.8,0,0,2,0.2,851,71.6,,,,,,,,,,
Bengaluru,4315,50.8,12,0.1,4,0,5279,62.1,,,,,,,,,,
Bhopal,2987,158.6,0,0,9,0.5,4286,227.6,,,,,,,,,,
Chandigarh City,266,25.9,0,0,4,0.4,456,44.4,,,,,,,,,,
Chennai,8527,98.1,0,0,0,0,3201,36.8,,,,,,,,,,
Coimbatore,1315,61.1,0,0,0,0,1536,71.4,,,,,,,,,,
Delhi (City),7871,48.2,12,0.1,170,1,19216,117.8,,,,,,,,,,
Dhanbad,98,8.2,0,0,0,0,867,72.6,,,,,,,,,,
Durg-Bhilainagar,912,85.7,3,0.3,5,0.5,2442,229.5,,,,,,,,,,
Faridabad,0,0,0,0,5,0.4,1709,121.6,,,,,,,,,,
Ghaziabad,311,13.2,1,0,2,0.1,1679,71.2,,,,,,,,,,
Gwalior,1389,126,1,0.1,6,0.5,4157,377.2,,,,,,,,,,
Hyderabad,2254,29.1,5,0.1,7,0.1,5584,72.1,,,,,,,,,,
Indore,4118,190,1,0,6,0.3,5322,245.6,,,,,,,,,,
Jabalpur,1893,149.3,3,0.2,4,0.3,3817,301,,,,,,,,,,
Jaipur,2245,73.1,0,0,5,0.2,6131,199.5,,,,,,,,,,
Jamshedpur,147,11,0,0,3,0.2,1081,80.9,,,,,,,,,,
Jodhpur,317,27.9,0,0,1,0.1,1582,139,,,,,,,,,,
Kannur,471,28.7,0,0,0,0,672,40.9,,,,,,,,,,
Kanpur,585,20,0,0,0,0,1426,48.8,,,,,,,,,,
Kochi,13431,634.1,3,0.1,13,0.6,1530,72.2,,,,,,,,,,
Kolkata,4316,30.6,13,0.1,0,0,10296,73,,,,,,,,,,
Kollam,1418,127.7,0,0,4,0.4,5954,536.4,,,,,,,,,,
Kota,649,64.8,2,0.2,1,0.1,1326,132.5,,,,,,,,,,
Kozhikode,1982,97.6,0,0,7,0.3,1054,51.9,,,,,,,,,,
Lucknow,314,10.8,0,0,1,0,5627,194,,,,,,,,,,
Ludhiana,0,0,0,0,10,0.6,983,60.9,,,,,,,,,,
Madurai,585,40,0,0,0,0,1155,79,,,,,,,,,,
Malappuram,1298,76.4,0,0,0,0,384,22.6,,,,,,,,,,
Meerut,411,28.8,0,0,0,0,810,56.8,,,,,,,,,,
Mumbai,4129,22.4,84,0.5,24,0.1,9140,49.6,,,,,,,,,,
Nagpur,1096,43.9,1,0,5,0.2,2339,93.6,,,,,,,,,,
Nasik,489,31.3,0,0,1,0.1,930,59.5,,,,,,,,,,
Patna,0,0,0,0,0,0,5050,246.7,,,,,,,,,,
Pune,1299,25.7,0,0,10,0.2,2065,40.9,,,,,,,,,,
Raipur,1173,104.5,0,0,5,0.4,1848,164.6,,,,,,,,,,
Rajkot,626,45,0,0,1,0.1,807,58,,,,,,,,,,
Ranchi,214,19,16,1.4,0,0,687,61,,,,,,,,,,
Srinagar,323,25.4,0,0,3,0.2,794,62.4,,,,,,,,,,
Surat,656,14.3,0,0,2,0,116,2.5,,,,,,,,,,
Thiruvananthapuram,8816,522.6,0,0,9,0.5,1692,100.3,,,,,,,,,,
Thrissur,3233,174.3,1,0.1,2,0.1,1918,103.4,,,,,,,,,,
Tiruchirapalli,541,52.9,0,0,0,0,1772,173.4,,,,,,,,,,
Vadodara,2946,162.1,0,0,1,0.1,6592,362.8,,,,,,,,,,
Varanasi,0,0,0,0,0,0,727,50.7,,,,,,,,,,
Vasai Virar,128,10.5,0,0,1,0.1,335,27.4,,,,,,,,,,
Vijayawada,1366,91.6,1,0.1,0,0,1835,123.1,,,,,,,,,,
Vishakhapatnam,1831,105.8,0,0,0,0,2202,127.3,,,,,,,,,,